,Node,Degree,In degree nodes,Out degree nodes,Betweenness centrality,Local reaching centrality,Label,Community
0,1357785810657263657942241561662650476548255074243,1,0,1,0.0,0.09274193548387097,color_intensity <= 3.82,0
1,171982518954274878349485416184092168691833932185,2,2,0,0.0,0.0,Class 1,0
2,1423079797299792590739258966414601227453793450138,1,0,1,0.0,0.16733870967741934,flavanoids > 1.4,1
3,1147257542945440298109815666246017244067397811172,3,3,0,0.0,0.0,Class 0,1
4,144540385965774120376077603147847903035015181062,1,0,1,0.0,0.08266129032258064,flavanoids <= 1.4,2
5,928621589127927934620961952074257259595278295629,1,1,0,0.0,0.0,Class 2,2
6,272651926826009702240742341747562705879953347780,1,0,1,0.0,0.10080645161290322,proline > 730.0,1
7,282115784803598831152382250301442637121136233319,1,0,1,0.0,0.15725806451612903,color_intensity > 3.82,1
8,610501592177861392697231746709093016560303951238,1,0,1,0.0,0.14919354838709678,proline <= 730.0,0
